{"helldivers.get_latest_900s": 1714014760.507419, "helldivers.get_latest_60s": 1714013920.566308, "helldivers.get_latest_10s": 1714013890.838937, "helldivers.get_latest_300s": 1714014160.556099}